{"cameraMode":{"drawMode":0,"name":"Shaded","section":"Shading Mode"},"sceneLighting":true,"audioPlay":false,"sceneViewState":{"showFog":true,"showMaterialUpdate":true,"showSkybox":true,"showFlares":true,"showImageEffects":true,"showParticleSystems":true},"in2DMode":false,"pivot":{"x":-13.872457504272461,"y":-0.7866359949111939,"z":-3.198793411254883},"rotation":{"x":-0.08241329342126847,"y":0.44733402132987978,"z":-0.041526976972818378,"w":-0.8896697163581848},"size":6.90739631652832,"orthographic":false}